{"cameraMode":{"drawMode":0,"name":"Shaded","section":"Shading Mode"},"sceneLighting":false,"audioPlay":false,"sceneViewState":{"showFog":false,"showMaterialUpdate":false,"showSkybox":false,"showFlares":false,"showImageEffects":false,"showParticleSystems":false},"in2DMode":false,"pivot":{"x":5.131072044372559,"y":3.8988044261932375,"z":-3.8299362659454347},"rotation":{"x":0.20015987753868104,"y":-0.5403111577033997,"z":0.13409818708896638,"w":0.8062995672225952},"size":1.4521098136901856,"orthographic":false}