{"cameraMode":{"drawMode":0,"name":"Shaded","section":"Shading Mode"},"sceneLighting":false,"audioPlay":false,"sceneViewState":{"showFog":false,"showMaterialUpdate":false,"showSkybox":false,"showFlares":false,"showImageEffects":false,"showParticleSystems":false},"in2DMode":false,"pivot":{"x":-23.7196102142334,"y":0.47378191351890566,"z":-2.5646166801452638},"rotation":{"x":-0.0812312588095665,"y":-0.018075866624712945,"z":0.0013387930812314153,"w":-0.9967817664146423},"size":1.435695767402649,"orthographic":false}