{"cameraMode":{"drawMode":0,"name":"Shaded","section":"Shading Mode"},"sceneLighting":false,"audioPlay":false,"sceneViewState":{"showFog":false,"showMaterialUpdate":false,"showSkybox":false,"showFlares":false,"showImageEffects":false,"showParticleSystems":false},"in2DMode":false,"pivot":{"x":3.6826515197753908,"y":-40.646575927734378,"z":10.320663452148438},"rotation":{"x":0.29277294874191286,"y":0.034985654056072238,"z":-0.010797645896673203,"w":0.9555540084838867},"size":86.83918762207031,"orthographic":false}