{"cameraMode":{"drawMode":0,"name":"Shaded","section":"Shading Mode"},"sceneLighting":false,"audioPlay":false,"sceneViewState":{"showFog":false,"showMaterialUpdate":false,"showSkybox":false,"showFlares":false,"showImageEffects":false,"showParticleSystems":false},"in2DMode":false,"pivot":{"x":1.3423943519592286,"y":-1.1227450370788575,"z":0.7611128091812134},"rotation":{"x":0.3086179792881012,"y":0.4524390995502472,"z":-0.17048269510269166,"w":0.8191768527030945},"size":7.339620113372803,"orthographic":false}