{"cameraMode":{"drawMode":0,"name":"Shaded","section":"Shading Mode"},"sceneLighting":false,"audioPlay":false,"sceneViewState":{"showFog":false,"showMaterialUpdate":false,"showSkybox":false,"showFlares":false,"showImageEffects":false,"showParticleSystems":false},"in2DMode":false,"pivot":{"x":-38.53853225708008,"y":-71.94552612304688,"z":-45.956642150878909},"rotation":{"x":0.4756220281124115,"y":-0.2618473470211029,"z":0.15069523453712464,"w":0.8262434005737305},"size":86.4186019897461,"orthographic":false}