{"cameraMode":{"drawMode":0,"name":"Shaded","section":"Shading Mode"},"sceneLighting":false,"audioPlay":false,"sceneViewState":{"showFog":false,"showMaterialUpdate":false,"showSkybox":false,"showFlares":false,"showImageEffects":false,"showParticleSystems":false},"in2DMode":false,"pivot":{"x":-18.534618377685548,"y":-1.1494042873382569,"z":-50.32744598388672},"rotation":{"x":0.29637905955314639,"y":-0.635106086730957,"z":0.28839170932769778,"w":0.6524757146835327},"size":4.7617268562316898,"orthographic":false}