{"cameraMode":{"drawMode":0,"name":"Shaded","section":"Shading Mode"},"sceneLighting":false,"audioPlay":false,"sceneViewState":{"showFog":false,"showMaterialUpdate":false,"showSkybox":false,"showFlares":false,"showImageEffects":false,"showParticleSystems":false},"in2DMode":false,"pivot":{"x":16.183753967285158,"y":-46.18552017211914,"z":-11.857039451599121},"rotation":{"x":0.2929220497608185,"y":0.017759034410119058,"z":-0.005608723033219576,"w":0.9560450911521912},"size":86.95907592773438,"orthographic":false}