{"cameraMode":{"drawMode":0,"name":"Shaded","section":"Shading Mode"},"sceneLighting":false,"audioPlay":false,"sceneViewState":{"showFog":false,"showMaterialUpdate":false,"showSkybox":false,"showFlares":false,"showImageEffects":false,"showParticleSystems":false},"in2DMode":false,"pivot":{"x":0.06284119188785553,"y":1.0625,"z":-1.9371509552001954e-7},"rotation":{"x":-0.25750744342803957,"y":0.4244672358036041,"z":-0.12743745744228364,"w":-0.8590830564498901},"size":4.297224044799805,"orthographic":false}