{"cameraMode":{"drawMode":0,"name":"Shaded","section":"Shading Mode"},"sceneLighting":false,"audioPlay":false,"sceneViewState":{"showFog":false,"showMaterialUpdate":false,"showSkybox":false,"showFlares":false,"showImageEffects":false,"showParticleSystems":false},"in2DMode":false,"pivot":{"x":0.9433627724647522,"y":0.12134992331266403,"z":-2.9774296283721926},"rotation":{"x":0.16213859617710114,"y":0.4039800763130188,"z":-0.07334674149751663,"w":0.897895336151123},"size":0.5903941988945007,"orthographic":false}