{"cameraMode":{"drawMode":0,"name":"Shaded","section":"Shading Mode"},"sceneLighting":false,"audioPlay":false,"sceneViewState":{"showFog":false,"showMaterialUpdate":false,"showSkybox":false,"showFlares":false,"showImageEffects":false,"showParticleSystems":false},"in2DMode":false,"pivot":{"x":-11.151289939880371,"y":-8.607646942138672,"z":-80.9721450805664},"rotation":{"x":0.25110486149787905,"y":0.006363388150930405,"z":-0.0018360252724960447,"w":0.9680117964744568},"size":22.0,"orthographic":false}