{"cameraMode":{"drawMode":0,"name":"Shaded","section":"Shading Mode"},"sceneLighting":false,"audioPlay":false,"sceneViewState":{"showFog":false,"showMaterialUpdate":false,"showSkybox":false,"showFlares":false,"showImageEffects":false,"showParticleSystems":false},"in2DMode":false,"pivot":{"x":-25.889589309692384,"y":0.35499998927116396,"z":-2.2456138134002687},"rotation":{"x":-0.1084224134683609,"y":0.40363213419914248,"z":-0.04799911007285118,"w":-0.9075797200202942},"size":0.40416455268859866,"orthographic":false}