{"cameraMode":{"drawMode":0,"name":"Shaded","section":"Shading Mode"},"sceneLighting":false,"audioPlay":false,"sceneViewState":{"showFog":false,"showMaterialUpdate":false,"showSkybox":false,"showFlares":false,"showImageEffects":false,"showParticleSystems":false},"in2DMode":false,"pivot":{"x":19.2288875579834,"y":-4.588024139404297,"z":38.635009765625},"rotation":{"x":0.42047542333602908,"y":0.015664825215935708,"z":-0.00859217531979084,"w":0.9077295660972595},"size":13.742149353027344,"orthographic":false}