{"cameraMode":{"drawMode":0,"name":"Shaded","section":"Shading Mode"},"sceneLighting":false,"audioPlay":false,"sceneViewState":{"showFog":false,"showMaterialUpdate":false,"showSkybox":false,"showFlares":false,"showImageEffects":false,"showParticleSystems":false},"in2DMode":false,"pivot":{"x":-17.032737731933595,"y":0.03289872407913208,"z":-1.9972848892211915},"rotation":{"x":0.006336853839457035,"y":-0.9658364653587341,"z":0.020380035042762758,"w":0.26073914766311648},"size":0.6984341740608215,"orthographic":false}