{"cameraMode":{"drawMode":0,"name":"Shaded","section":"Shading Mode"},"sceneLighting":false,"audioPlay":false,"sceneViewState":{"showFog":false,"showMaterialUpdate":false,"showSkybox":false,"showFlares":false,"showImageEffects":false,"showParticleSystems":false},"in2DMode":false,"pivot":{"x":0.6239176988601685,"y":0.2171543836593628,"z":-1.7935094833374024},"rotation":{"x":-0.007491322234272957,"y":0.9382407069206238,"z":-0.34547191858291628,"w":-0.01996622048318386},"size":1.5650602579116822,"orthographic":false}