{"cameraMode":{"drawMode":0,"name":"Shaded","section":"Shading Mode"},"sceneLighting":false,"audioPlay":false,"sceneViewState":{"showFog":false,"showMaterialUpdate":false,"showSkybox":false,"showFlares":false,"showImageEffects":false,"showParticleSystems":false},"in2DMode":false,"pivot":{"x":0.511108934879303,"y":0.5625459551811218,"z":-2.5125505924224855},"rotation":{"x":0.3475489616394043,"y":-0.2642178237438202,"z":0.10263925790786743,"w":0.8938467502593994},"size":1.137974500656128,"orthographic":false}