{"cameraMode":{"drawMode":0,"name":"Shaded","section":"Shading Mode"},"sceneLighting":false,"audioPlay":false,"sceneViewState":{"showFog":false,"showMaterialUpdate":false,"showSkybox":false,"showFlares":false,"showImageEffects":false,"showParticleSystems":false},"in2DMode":false,"pivot":{"x":-21.35696792602539,"y":-2.190608263015747,"z":-49.39582061767578},"rotation":{"x":-0.3395514488220215,"y":0.6062454581260681,"z":-0.3192492127418518,"w":-0.6444780826568604},"size":4.7599568367004398,"orthographic":false}