{"cameraMode":{"drawMode":0,"name":"Shaded","section":"Shading Mode"},"sceneLighting":false,"audioPlay":false,"sceneViewState":{"showFog":false,"showMaterialUpdate":false,"showSkybox":false,"showFlares":false,"showImageEffects":false,"showParticleSystems":false},"in2DMode":false,"pivot":{"x":-25.152000427246095,"y":1.4559999704360963,"z":-2.0239999294281008},"rotation":{"x":-0.09320561587810517,"y":-0.011947009712457657,"z":0.0029379427433013918,"w":-0.9961842894554138},"size":0.6777154207229614,"orthographic":false}