{"cameraMode":{"drawMode":0,"name":"Shaded","section":"Shading Mode"},"sceneLighting":false,"audioPlay":false,"sceneViewState":{"showFog":false,"showMaterialUpdate":false,"showSkybox":false,"showFlares":false,"showImageEffects":false,"showParticleSystems":false},"in2DMode":false,"pivot":{"x":8.249762535095215,"y":-6.069553375244141,"z":12.916614532470704},"rotation":{"x":-0.30265361070632937,"y":-0.2590996026992798,"z":0.08582920581102371,"w":-0.9138755202293396},"size":34.395225524902347,"orthographic":false}