{"cameraMode":{"drawMode":0,"name":"Shaded","section":"Shading Mode"},"sceneLighting":false,"audioPlay":false,"sceneViewState":{"showFog":false,"showMaterialUpdate":false,"showSkybox":false,"showFlares":false,"showImageEffects":false,"showParticleSystems":false},"in2DMode":false,"pivot":{"x":-25.027965545654298,"y":0.6532644033432007,"z":-2.6372361183166506},"rotation":{"x":-0.1463831216096878,"y":0.15795263648033143,"z":-0.023765316233038904,"w":-0.9764997363090515},"size":1.435695767402649,"orthographic":false}