{"cameraMode":{"drawMode":0,"name":"Shaded","section":"Shading Mode"},"sceneLighting":false,"audioPlay":false,"sceneViewState":{"showFog":false,"showMaterialUpdate":false,"showSkybox":false,"showFlares":false,"showImageEffects":false,"showParticleSystems":false},"in2DMode":false,"pivot":{"x":39.051246643066409,"y":-30.513078689575197,"z":39.449710845947269},"rotation":{"x":0.16869637370109559,"y":0.14018556475639344,"z":-0.024700189009308816,"w":0.9754588007926941},"size":94.32234954833985,"orthographic":false}