{"cameraMode":{"drawMode":0,"name":"Shaded","section":"Shading Mode"},"sceneLighting":false,"audioPlay":false,"sceneViewState":{"showFog":false,"showMaterialUpdate":false,"showSkybox":false,"showFlares":false,"showImageEffects":false,"showParticleSystems":false},"in2DMode":false,"pivot":{"x":-25.08246421813965,"y":0.5899271368980408,"z":-0.07257721573114395},"rotation":{"x":-0.09320561587810517,"y":-0.011947009712457657,"z":0.0029379427433013918,"w":-0.9961842894554138},"size":0.7132800817489624,"orthographic":false}