{"cameraMode":{"drawMode":0,"name":"Shaded","section":"Shading Mode"},"sceneLighting":false,"audioPlay":false,"sceneViewState":{"showFog":false,"showMaterialUpdate":false,"showSkybox":false,"showFlares":false,"showImageEffects":false,"showParticleSystems":false},"in2DMode":false,"pivot":{"x":-22.445873260498048,"y":0.28126224875450137,"z":-2.7228055000305177},"rotation":{"x":-0.4974447786808014,"y":0.153050035238266,"z":-0.0898527130484581,"w":-0.8494356274604797},"size":1.435695767402649,"orthographic":false}