{"cameraMode":{"drawMode":0,"name":"Shaded","section":"Shading Mode"},"sceneLighting":false,"audioPlay":false,"sceneViewState":{"showFog":false,"showMaterialUpdate":false,"showSkybox":false,"showFlares":false,"showImageEffects":false,"showParticleSystems":false},"in2DMode":false,"pivot":{"x":-26.299304962158204,"y":0.9777165651321411,"z":-1.8772552013397217},"rotation":{"x":0.006619070656597614,"y":0.9867435097694397,"z":-0.15854184329509736,"w":0.04105329141020775},"size":1.435695767402649,"orthographic":false}