{"cameraMode":{"drawMode":0,"name":"Shaded","section":"Shading Mode"},"sceneLighting":false,"audioPlay":false,"sceneViewState":{"showFog":false,"showMaterialUpdate":false,"showSkybox":false,"showFlares":false,"showImageEffects":false,"showParticleSystems":false},"in2DMode":false,"pivot":{"x":-0.43017563223838808,"y":0.24150720238685609,"z":-4.238589286804199},"rotation":{"x":-0.40007510781288149,"y":0.0728175938129425,"z":-0.031440913677215579,"w":-0.9133806228637695},"size":0.7594048976898193,"orthographic":false}