{"cameraMode":{"drawMode":0,"name":"Shaded","section":"Shading Mode"},"sceneLighting":false,"audioPlay":false,"sceneViewState":{"showFog":false,"showMaterialUpdate":false,"showSkybox":false,"showFlares":false,"showImageEffects":false,"showParticleSystems":false},"in2DMode":false,"pivot":{"x":-14.554265022277832,"y":-1.5251327753067017,"z":-2.5774893760681154},"rotation":{"x":0.11509740352630615,"y":-0.8091427683830261,"z":0.16888467967510224,"w":0.551073431968689},"size":8.317234992980957,"orthographic":false}