{"cameraMode":{"drawMode":0,"name":"Shaded","section":"Shading Mode"},"sceneLighting":false,"audioPlay":false,"sceneViewState":{"showFog":false,"showMaterialUpdate":false,"showSkybox":false,"showFlares":false,"showImageEffects":false,"showParticleSystems":false},"in2DMode":false,"pivot":{"x":-25.3125,"y":0.703000009059906,"z":0.0243500005453825},"rotation":{"x":-0.2554442584514618,"y":0.04395672306418419,"z":-0.009169579483568669,"w":-0.9663890600204468},"size":1.7742167711257935,"orthographic":false}