{"cameraMode":{"drawMode":0,"name":"Shaded","section":"Shading Mode"},"sceneLighting":false,"audioPlay":false,"sceneViewState":{"showFog":false,"showMaterialUpdate":false,"showSkybox":false,"showFlares":false,"showImageEffects":false,"showParticleSystems":false},"in2DMode":false,"pivot":{"x":-12.90345287322998,"y":1.133074402809143,"z":-1.3771895170211793},"rotation":{"x":0.016168341040611268,"y":0.9576575756072998,"z":-0.2840273976325989,"w":0.055117037147283557},"size":8.5746488571167,"orthographic":false}