{"cameraMode":{"drawMode":0,"name":"Shaded","section":"Shading Mode"},"sceneLighting":false,"audioPlay":false,"sceneViewState":{"showFog":false,"showMaterialUpdate":false,"showSkybox":false,"showFlares":false,"showImageEffects":false,"showParticleSystems":false},"in2DMode":false,"pivot":{"x":0.4210074543952942,"y":0.623068630695343,"z":-2.160127639770508},"rotation":{"x":0.04426572844386101,"y":-0.9480245113372803,"z":0.2765076458454132,"w":0.15142549574375153},"size":0.9763615727424622,"orthographic":false}