{"cameraMode":{"drawMode":0,"name":"Shaded","section":"Shading Mode"},"sceneLighting":false,"audioPlay":false,"sceneViewState":{"showFog":false,"showMaterialUpdate":false,"showSkybox":false,"showFlares":false,"showImageEffects":false,"showParticleSystems":false},"in2DMode":false,"pivot":{"x":-26.182174682617189,"y":0.2864540219306946,"z":-2.830270767211914},"rotation":{"x":-0.1084224134683609,"y":0.40363213419914248,"z":-0.04799911007285118,"w":-0.9075797200202942},"size":0.8176025748252869,"orthographic":false}