{"cameraMode":{"drawMode":0,"name":"Shaded","section":"Shading Mode"},"sceneLighting":true,"audioPlay":false,"sceneViewState":{"showFog":false,"showMaterialUpdate":false,"showSkybox":false,"showFlares":false,"showImageEffects":false,"showParticleSystems":false},"in2DMode":false,"pivot":{"x":-19.335527420043947,"y":0.8969008326530457,"z":4.100056171417236},"rotation":{"x":-0.21954850852489472,"y":0.10283619910478592,"z":-0.021921556442975999,"w":-0.9706093668937683},"size":14.739073753356934,"orthographic":false}