{"cameraMode":{"drawMode":0,"name":"Shaded","section":"Shading Mode"},"sceneLighting":false,"audioPlay":false,"sceneViewState":{"showFog":false,"showMaterialUpdate":false,"showSkybox":false,"showFlares":false,"showImageEffects":false,"showParticleSystems":false},"in2DMode":false,"pivot":{"x":-13.032763481140137,"y":-57.363494873046878,"z":-5.264540195465088},"rotation":{"x":-0.38995519280433657,"y":-0.03174809366464615,"z":0.013559154234826565,"w":-0.9202597141265869},"size":83.08745574951172,"orthographic":false}