{"cameraMode":{"drawMode":0,"name":"Shaded","section":"Shading Mode"},"sceneLighting":false,"audioPlay":false,"sceneViewState":{"showFog":false,"showMaterialUpdate":false,"showSkybox":false,"showFlares":false,"showImageEffects":false,"showParticleSystems":false},"in2DMode":false,"pivot":{"x":-2.5737926959991457,"y":-80.24324035644531,"z":-59.19965744018555},"rotation":{"x":0.5585541725158691,"y":-0.36858609318733218,"z":0.30346107482910159,"w":0.6783959269523621},"size":86.75513458251953,"orthographic":false}