{"cameraMode":{"drawMode":0,"name":"Shaded","section":"Shading Mode"},"sceneLighting":false,"audioPlay":false,"sceneViewState":{"showFog":false,"showMaterialUpdate":false,"showSkybox":false,"showFlares":false,"showImageEffects":false,"showParticleSystems":false},"in2DMode":false,"pivot":{"x":0.23404918611049653,"y":1.1795161962509156,"z":-1.2474150657653809},"rotation":{"x":0.021560437977313997,"y":0.9724976420402527,"z":-0.20913156867027284,"w":0.10071466118097305},"size":1.1744153499603272,"orthographic":false}