{"cameraMode":{"drawMode":0,"name":"Shaded","section":"Shading Mode"},"sceneLighting":false,"audioPlay":false,"sceneViewState":{"showFog":false,"showMaterialUpdate":false,"showSkybox":false,"showFlares":false,"showImageEffects":false,"showParticleSystems":false},"in2DMode":false,"pivot":{"x":2.4245333671569826,"y":-40.46367645263672,"z":-21.615585327148439},"rotation":{"x":-0.2539684772491455,"y":-0.0185522623360157,"z":0.004988670349121094,"w":-0.967102587223053},"size":86.84559631347656,"orthographic":false}