{"cameraMode":{"drawMode":0,"name":"Shaded","section":"Shading Mode"},"sceneLighting":false,"audioPlay":false,"sceneViewState":{"showFog":false,"showMaterialUpdate":false,"showSkybox":false,"showFlares":false,"showImageEffects":false,"showParticleSystems":false},"in2DMode":false,"pivot":{"x":63.98119354248047,"y":-65.9756088256836,"z":-101.23909759521485},"rotation":{"x":0.30064067244529726,"y":0.6742439866065979,"z":-0.35266244411468508,"w":0.5751345753669739},"size":86.46560668945313,"orthographic":false}