{"cameraMode":{"drawMode":0,"name":"Shaded","section":"Shading Mode"},"sceneLighting":false,"audioPlay":false,"sceneViewState":{"showFog":false,"showMaterialUpdate":false,"showSkybox":false,"showFlares":false,"showImageEffects":false,"showParticleSystems":false},"in2DMode":false,"pivot":{"x":-25.820247650146486,"y":0.1919117122888565,"z":-3.0154099464416506},"rotation":{"x":-0.010056045837700367,"y":-0.9313452243804932,"z":-0.027957428246736528,"w":0.36468565464019778},"size":1.0994701385498047,"orthographic":false}