{"cameraMode":{"drawMode":0,"name":"Shaded","section":"Shading Mode"},"sceneLighting":false,"audioPlay":false,"sceneViewState":{"showFog":false,"showMaterialUpdate":false,"showSkybox":false,"showFlares":false,"showImageEffects":false,"showParticleSystems":false},"in2DMode":false,"pivot":{"x":-23.09524154663086,"y":0.47586768865585329,"z":-3.10862398147583},"rotation":{"x":-0.1096150279045105,"y":-0.010585111565887928,"z":0.0008872760226950049,"w":-0.9941714406013489},"size":1.435695767402649,"orthographic":false}