{"cameraMode":{"drawMode":0,"name":"Shaded","section":"Shading Mode"},"sceneLighting":false,"audioPlay":false,"sceneViewState":{"showFog":false,"showMaterialUpdate":false,"showSkybox":false,"showFlares":false,"showImageEffects":false,"showParticleSystems":false},"in2DMode":false,"pivot":{"x":-24.98394775390625,"y":0.3874346613883972,"z":-2.822628974914551},"rotation":{"x":-0.3322408199310303,"y":0.5972126722335815,"z":-0.2977343201637268,"w":-0.6669318079948425},"size":1.435695767402649,"orthographic":false}