{"cameraMode":{"drawMode":0,"name":"Shaded","section":"Shading Mode"},"sceneLighting":false,"audioPlay":false,"sceneViewState":{"showFog":false,"showMaterialUpdate":false,"showSkybox":false,"showFlares":false,"showImageEffects":false,"showParticleSystems":false},"in2DMode":false,"pivot":{"x":-25.23871612548828,"y":-3.1809895038604738,"z":-7.7598090171813969},"rotation":{"x":0.03694109618663788,"y":0.9505851864814758,"z":-0.28500813245773318,"w":0.12272057682275772},"size":8.718538284301758,"orthographic":false}