{"cameraMode":{"drawMode":0,"name":"Shaded","section":"Shading Mode"},"sceneLighting":false,"audioPlay":false,"sceneViewState":{"showFog":false,"showMaterialUpdate":false,"showSkybox":false,"showFlares":false,"showImageEffects":false,"showParticleSystems":false},"in2DMode":false,"pivot":{"x":-16.347000122070314,"y":0.3889999985694885,"z":-50.29800033569336},"rotation":{"x":0.10103793442249298,"y":-0.8803664445877075,"z":0.21721595525741578,"w":0.41039249300956728},"size":0.40416067838668826,"orthographic":false}