{"cameraMode":{"drawMode":0,"name":"Shaded","section":"Shading Mode"},"sceneLighting":false,"audioPlay":false,"sceneViewState":{"showFog":false,"showMaterialUpdate":false,"showSkybox":false,"showFlares":false,"showImageEffects":false,"showParticleSystems":false},"in2DMode":false,"pivot":{"x":-3.493342161178589,"y":-45.985931396484378,"z":6.368236064910889},"rotation":{"x":0.28576645255088808,"y":-0.012360969558358193,"z":0.003612999804317951,"w":0.9582861661911011},"size":86.71172332763672,"orthographic":false}