{"cameraMode":{"drawMode":0,"name":"Shaded","section":"Shading Mode"},"sceneLighting":false,"audioPlay":false,"sceneViewState":{"showFog":false,"showMaterialUpdate":false,"showSkybox":false,"showFlares":false,"showImageEffects":false,"showParticleSystems":false},"in2DMode":false,"pivot":{"x":-24.65477752685547,"y":0.17832520604133607,"z":-2.8326592445373537},"rotation":{"x":-0.34483543038368227,"y":0.5984953045845032,"z":-0.3174634575843811,"w":-0.6497764587402344},"size":1.435695767402649,"orthographic":false}