{"cameraMode":{"drawMode":0,"name":"Shaded","section":"Shading Mode"},"sceneLighting":false,"audioPlay":false,"sceneViewState":{"showFog":false,"showMaterialUpdate":false,"showSkybox":false,"showFlares":false,"showImageEffects":false,"showParticleSystems":false},"in2DMode":false,"pivot":{"x":0.1138296127319336,"y":3.681324005126953,"z":0.7936768531799316},"rotation":{"x":0.14123153686523438,"y":0.6937175393104553,"z":-0.1415652632713318,"w":0.692021369934082},"size":13.10591983795166,"orthographic":false}