{"cameraMode":{"drawMode":0,"name":"Shaded","section":"Shading Mode"},"sceneLighting":false,"audioPlay":false,"sceneViewState":{"showFog":false,"showMaterialUpdate":false,"showSkybox":false,"showFlares":false,"showImageEffects":false,"showParticleSystems":false},"in2DMode":false,"pivot":{"x":-8.242594718933106,"y":-15.168302536010743,"z":11.363948822021485},"rotation":{"x":-0.3841247260570526,"y":0.23287540674209596,"z":-0.10062558203935623,"w":-0.8878210186958313},"size":31.557933807373048,"orthographic":false}