{"cameraMode":{"drawMode":0,"name":"Shaded","section":"Shading Mode"},"sceneLighting":false,"audioPlay":false,"sceneViewState":{"showFog":false,"showMaterialUpdate":false,"showSkybox":false,"showFlares":false,"showImageEffects":false,"showParticleSystems":false},"in2DMode":false,"pivot":{"x":0.10957002639770508,"y":1.4548875093460084,"z":-0.07676541805267334},"rotation":{"x":0.288451224565506,"y":0.16693852841854096,"z":-0.05114559084177017,"w":0.9414466619491577},"size":12.590892791748047,"orthographic":false}