{"cameraMode":{"drawMode":0,"name":"Shaded","section":"Shading Mode"},"sceneLighting":false,"audioPlay":false,"sceneViewState":{"showFog":false,"showMaterialUpdate":false,"showSkybox":false,"showFlares":false,"showImageEffects":false,"showParticleSystems":false},"in2DMode":false,"pivot":{"x":-23.46402359008789,"y":0.4236999452114105,"z":-3.015630006790161},"rotation":{"x":-0.11246869713068009,"y":0.05070727691054344,"z":-0.005870686378329992,"w":-0.9927794337272644},"size":0.40416452288627627,"orthographic":false}