{"cameraMode":{"drawMode":0,"name":"Shaded","section":"Shading Mode"},"sceneLighting":false,"audioPlay":false,"sceneViewState":{"showFog":true,"showMaterialUpdate":false,"showSkybox":true,"showFlares":true,"showImageEffects":true,"showParticleSystems":true},"in2DMode":false,"pivot":{"x":25.78669548034668,"y":-41.93601989746094,"z":27.83517837524414},"rotation":{"x":0.26326078176498415,"y":0.07949364930391312,"z":-0.02172246016561985,"w":0.9612849950790405},"size":86.54906463623047,"orthographic":false}