{"cameraMode":{"drawMode":0,"name":"Shaded","section":"Shading Mode"},"sceneLighting":false,"audioPlay":false,"sceneViewState":{"showFog":true,"showMaterialUpdate":false,"showSkybox":true,"showFlares":true,"showImageEffects":true,"showParticleSystems":true},"in2DMode":false,"pivot":{"x":-12.42757511138916,"y":1.7829020023345948,"z":-96.01170349121094},"rotation":{"x":0.004411883652210236,"y":0.9811016917228699,"z":-0.1925593912601471,"w":0.022371411323547365},"size":86.83284759521485,"orthographic":false}