{"cameraMode":{"drawMode":0,"name":"Shaded","section":"Shading Mode"},"sceneLighting":false,"audioPlay":false,"sceneViewState":{"showFog":true,"showMaterialUpdate":false,"showSkybox":true,"showFlares":true,"showImageEffects":true,"showParticleSystems":true},"in2DMode":false,"pivot":{"x":-16.709999084472658,"y":0.9790249466896057,"z":-49.78949737548828},"rotation":{"x":-0.27226099371910097,"y":0.15133818984031678,"z":-0.04343366250395775,"w":-0.9493077397346497},"size":4.7617268562316898,"orthographic":false}