{"cameraMode":{"drawMode":0,"name":"Shaded","section":"Shading Mode"},"sceneLighting":false,"audioPlay":false,"sceneViewState":{"showFog":true,"showMaterialUpdate":false,"showSkybox":true,"showFlares":true,"showImageEffects":true,"showParticleSystems":true},"in2DMode":false,"pivot":{"x":56.613590240478519,"y":-49.36711502075195,"z":-133.89573669433595},"rotation":{"x":0.10498940199613571,"y":0.8946576714515686,"z":-0.29182007908821108,"w":0.32181522250175478},"size":86.95907592773438,"orthographic":false}