{"cameraMode":{"drawMode":0,"name":"Shaded","section":"Shading Mode"},"sceneLighting":false,"audioPlay":false,"sceneViewState":{"showFog":true,"showMaterialUpdate":false,"showSkybox":true,"showFlares":true,"showImageEffects":true,"showParticleSystems":true},"in2DMode":false,"pivot":{"x":15.79310417175293,"y":1.211822748184204,"z":-96.23118591308594},"rotation":{"x":0.004411883652210236,"y":0.9811016917228699,"z":-0.1925593912601471,"w":0.022371411323547365},"size":86.46560668945313,"orthographic":false}