{"cameraMode":{"drawMode":0,"name":"Shaded","section":"Shading Mode"},"sceneLighting":false,"audioPlay":false,"sceneViewState":{"showFog":true,"showMaterialUpdate":false,"showSkybox":true,"showFlares":true,"showImageEffects":true,"showParticleSystems":true},"in2DMode":false,"pivot":{"x":-19.954975128173829,"y":-2.26411509513855,"z":-50.8873176574707},"rotation":{"x":-0.5053796768188477,"y":0.48916923999786379,"z":-0.44789713621139529,"w":-0.552097499370575},"size":4.7599568367004398,"orthographic":false}