{"cameraMode":{"drawMode":0,"name":"Shaded","section":"Shading Mode"},"sceneLighting":false,"audioPlay":false,"sceneViewState":{"showFog":true,"showMaterialUpdate":false,"showSkybox":true,"showFlares":true,"showImageEffects":true,"showParticleSystems":true},"in2DMode":false,"pivot":{"x":-1.4275751113891602,"y":2.229379653930664,"z":-96.86085510253906},"rotation":{"x":0.004411883652210236,"y":0.9811016917228699,"z":-0.1925593912601471,"w":0.022371411323547365},"size":86.84559631347656,"orthographic":false}