{"cameraMode":{"drawMode":0,"name":"Shaded","section":"Shading Mode"},"sceneLighting":false,"audioPlay":false,"sceneViewState":{"showFog":true,"showMaterialUpdate":false,"showSkybox":true,"showFlares":true,"showImageEffects":true,"showParticleSystems":true},"in2DMode":false,"pivot":{"x":-59.25213623046875,"y":-70.87391662597656,"z":-33.82001876831055},"rotation":{"x":-0.3386911153793335,"y":0.5401319265365601,"z":-0.2512751817703247,"w":-0.7284009456634522},"size":99.09793090820313,"orthographic":false}