{"cameraMode":{"drawMode":0,"name":"Shaded","section":"Shading Mode"},"sceneLighting":false,"audioPlay":false,"sceneViewState":{"showFog":true,"showMaterialUpdate":false,"showSkybox":true,"showFlares":true,"showImageEffects":true,"showParticleSystems":true},"in2DMode":false,"pivot":{"x":2.9014947414398195,"y":0.5013864040374756,"z":0.750077486038208},"rotation":{"x":0.004411883652210236,"y":0.9811016917228699,"z":-0.1925593912601471,"w":0.022371411323547365},"size":2.488090991973877,"orthographic":false}