{"cameraMode":{"drawMode":0,"name":"Shaded","section":"Shading Mode"},"sceneLighting":false,"audioPlay":false,"sceneViewState":{"showFog":true,"showMaterialUpdate":false,"showSkybox":true,"showFlares":true,"showImageEffects":true,"showParticleSystems":true},"in2DMode":false,"pivot":{"x":0.5918675661087036,"y":0.4065414071083069,"z":-2.1180880069732668},"rotation":{"x":-0.1846659779548645,"y":0.3225260376930237,"z":-0.06432821601629257,"w":-0.9261999130249023},"size":1.137974500656128,"orthographic":false}