{"cameraMode":{"drawMode":0,"name":"Shaded","section":"Shading Mode"},"sceneLighting":false,"audioPlay":false,"sceneViewState":{"showFog":true,"showMaterialUpdate":false,"showSkybox":true,"showFlares":true,"showImageEffects":true,"showParticleSystems":true},"in2DMode":false,"pivot":{"x":-32.25089645385742,"y":-14.000975608825684,"z":-63.303993225097659},"rotation":{"x":-0.2603704333305359,"y":0.6670752763748169,"z":-0.2697998285293579,"w":-0.6438859701156616},"size":32.694095611572269,"orthographic":false}