{"cameraMode":{"drawMode":0,"name":"Shaded","section":"Shading Mode"},"sceneLighting":false,"audioPlay":false,"sceneViewState":{"showFog":true,"showMaterialUpdate":false,"showSkybox":true,"showFlares":true,"showImageEffects":true,"showParticleSystems":true},"in2DMode":false,"pivot":{"x":50.951725006103519,"y":-25.605438232421876,"z":-123.66576385498047},"rotation":{"x":0.0521773062646389,"y":0.9437462687492371,"z":-0.18081440031528474,"w":0.27219337224960329},"size":86.75513458251953,"orthographic":false}