{"cameraMode":{"drawMode":0,"name":"Shaded","section":"Shading Mode"},"sceneLighting":false,"audioPlay":false,"sceneViewState":{"showFog":true,"showMaterialUpdate":false,"showSkybox":true,"showFlares":true,"showImageEffects":true,"showParticleSystems":true},"in2DMode":false,"pivot":{"x":-16.529071807861329,"y":0.7364420294761658,"z":-80.40621948242188},"rotation":{"x":0.004411883652210236,"y":0.9811016917228699,"z":-0.1925593912601471,"w":0.022371411323547365},"size":86.4186019897461,"orthographic":false}