{"cameraMode":{"drawMode":0,"name":"Shaded","section":"Shading Mode"},"sceneLighting":false,"audioPlay":false,"sceneViewState":{"showFog":true,"showMaterialUpdate":false,"showSkybox":true,"showFlares":true,"showImageEffects":true,"showParticleSystems":true},"in2DMode":false,"pivot":{"x":0.30251720547676089,"y":1.8497239351272584,"z":-1.1405091285705567},"rotation":{"x":-0.23775224387645722,"y":-0.04602731391787529,"z":0.011264336295425892,"w":-0.970238983631134},"size":1.4521098136901856,"orthographic":false}