{"cameraMode":{"drawMode":0,"name":"Shaded","section":"Shading Mode"},"sceneLighting":false,"audioPlay":false,"sceneViewState":{"showFog":true,"showMaterialUpdate":false,"showSkybox":true,"showFlares":true,"showImageEffects":true,"showParticleSystems":true},"in2DMode":false,"pivot":{"x":-24.27367401123047,"y":0.7602622509002686,"z":-2.8809900283813478},"rotation":{"x":-0.5053796768188477,"y":0.48916923999786379,"z":-0.44789713621139529,"w":-0.552097499370575},"size":1.435695767402649,"orthographic":false}