{"cameraMode":{"drawMode":0,"name":"Shaded","section":"Shading Mode"},"sceneLighting":false,"audioPlay":false,"sceneViewState":{"showFog":true,"showMaterialUpdate":false,"showSkybox":true,"showFlares":true,"showImageEffects":true,"showParticleSystems":true},"in2DMode":false,"pivot":{"x":-0.8471196293830872,"y":-63.96388244628906,"z":-19.850711822509767},"rotation":{"x":-0.4540652632713318,"y":-0.006162912119179964,"z":0.0031080718617886307,"w":-0.8910009860992432},"size":90.24713897705078,"orthographic":false}