{"cameraMode":{"drawMode":0,"name":"Shaded","section":"Shading Mode"},"sceneLighting":false,"audioPlay":false,"sceneViewState":{"showFog":true,"showMaterialUpdate":false,"showSkybox":true,"showFlares":true,"showImageEffects":true,"showParticleSystems":true},"in2DMode":false,"pivot":{"x":0.5979573726654053,"y":0.4148881733417511,"z":-1.3111504316329957},"rotation":{"x":-0.1846659779548645,"y":0.3225260376930237,"z":-0.06432821601629257,"w":-0.9261999130249023},"size":1.5650602579116822,"orthographic":false}