{"cameraMode":{"drawMode":0,"name":"Shaded","section":"Shading Mode"},"sceneLighting":false,"audioPlay":false,"sceneViewState":{"showFog":true,"showMaterialUpdate":false,"showSkybox":true,"showFlares":true,"showImageEffects":true,"showParticleSystems":true},"in2DMode":false,"pivot":{"x":0.6138445734977722,"y":0.3955358564853668,"z":-1.7701687812805176},"rotation":{"x":-0.1846659779548645,"y":0.3225260376930237,"z":-0.06432821601629257,"w":-0.9261999130249023},"size":1.1744153499603272,"orthographic":false}