{"cameraMode":{"drawMode":0,"name":"Shaded","section":"Shading Mode"},"sceneLighting":false,"audioPlay":false,"sceneViewState":{"showFog":false,"showMaterialUpdate":false,"showSkybox":false,"showFlares":false,"showImageEffects":false,"showParticleSystems":false},"in2DMode":false,"pivot":{"x":4.750577449798584,"y":-14.567893981933594,"z":-118.57844543457031},"rotation":{"x":-0.054660066962242129,"y":-0.9349053502082825,"z":0.318788081407547,"w":-0.15243709087371827},"size":30.6189022064209,"orthographic":false}