{"cameraMode":{"drawMode":0,"name":"Shaded","section":"Shading Mode"},"sceneLighting":true,"audioPlay":false,"sceneViewState":{"showFog":false,"showMaterialUpdate":false,"showSkybox":false,"showFlares":false,"showImageEffects":false,"showParticleSystems":false},"in2DMode":false,"pivot":{"x":-0.005000114440917969,"y":1.0141000747680665,"z":-9.660850524902344},"rotation":{"x":-0.355374276638031,"y":0.0036611934192478658,"z":-0.0013907091924920679,"w":-0.9347158670425415},"size":61.1244010925293,"orthographic":false}