{"cameraMode":{"drawMode":0,"name":"Shaded","section":"Shading Mode"},"sceneLighting":false,"audioPlay":false,"sceneViewState":{"showFog":false,"showMaterialUpdate":false,"showSkybox":false,"showFlares":false,"showImageEffects":false,"showParticleSystems":false},"in2DMode":false,"pivot":{"x":-25.70155143737793,"y":-3.4990882873535158,"z":-36.709983825683597},"rotation":{"x":0.040393371134996417,"y":-0.10854983329772949,"z":0.00812394730746746,"w":0.993706226348877},"size":48.73398971557617,"orthographic":false}