{"cameraMode":{"drawMode":0,"name":"Shaded","section":"Shading Mode"},"sceneLighting":false,"audioPlay":false,"sceneViewState":{"showFog":false,"showMaterialUpdate":false,"showSkybox":false,"showFlares":false,"showImageEffects":false,"showParticleSystems":false},"in2DMode":false,"pivot":{"x":23.999704360961915,"y":-3.011620283126831,"z":-57.51068878173828},"rotation":{"x":0.06598854064941406,"y":0.19718211889266969,"z":-0.00922450702637434,"w":0.9785754084587097},"size":29.64772605895996,"orthographic":false}