{"cameraMode":{"drawMode":0,"name":"Shaded","section":"Shading Mode"},"sceneLighting":false,"audioPlay":false,"sceneViewState":{"showFog":false,"showMaterialUpdate":false,"showSkybox":false,"showFlares":false,"showImageEffects":false,"showParticleSystems":false},"in2DMode":false,"pivot":{"x":-15.623472213745118,"y":1.8635848760604859,"z":-68.83712005615235},"rotation":{"x":-0.37475326657295229,"y":0.03781517222523689,"z":-0.01529763825237751,"w":-0.9262267351150513},"size":28.243993759155275,"orthographic":false}