{"cameraMode":{"drawMode":0,"name":"Shaded","section":"Shading Mode"},"sceneLighting":false,"audioPlay":false,"sceneViewState":{"showFog":false,"showMaterialUpdate":false,"showSkybox":false,"showFlares":false,"showImageEffects":false,"showParticleSystems":false},"in2DMode":false,"pivot":{"x":-19.373884201049806,"y":0.39386287331581118,"z":-49.71709060668945},"rotation":{"x":-0.412119060754776,"y":0.5622938275337219,"z":-0.38321614265441897,"w":-0.6063793301582336},"size":1.3340803384780884,"orthographic":false}