{"cameraMode":{"drawMode":0,"name":"Shaded","section":"Shading Mode"},"sceneLighting":false,"audioPlay":false,"sceneViewState":{"showFog":false,"showMaterialUpdate":false,"showSkybox":false,"showFlares":false,"showImageEffects":false,"showParticleSystems":false},"in2DMode":false,"pivot":{"x":26.856422424316408,"y":-16.048486709594728,"z":-86.36041259765625},"rotation":{"x":-0.375867635011673,"y":-0.2927040457725525,"z":0.12548676133155824,"w":-0.8713234663009644},"size":30.189592361450197,"orthographic":false}