{"cameraMode":{"drawMode":0,"name":"Shaded","section":"Shading Mode"},"sceneLighting":false,"audioPlay":false,"sceneViewState":{"showFog":false,"showMaterialUpdate":false,"showSkybox":false,"showFlares":false,"showImageEffects":false,"showParticleSystems":false},"in2DMode":false,"pivot":{"x":-3.062168836593628,"y":-8.094464302062989,"z":-26.184213638305665},"rotation":{"x":-0.1455116868019104,"y":0.01760106533765793,"z":-0.004482470452785492,"w":-0.9895868301391602},"size":31.547636032104493,"orthographic":false}