{"cameraMode":{"drawMode":0,"name":"Shaded","section":"Shading Mode"},"sceneLighting":false,"audioPlay":false,"sceneViewState":{"showFog":false,"showMaterialUpdate":false,"showSkybox":false,"showFlares":false,"showImageEffects":false,"showParticleSystems":false},"in2DMode":false,"pivot":{"x":-0.14174365997314454,"y":0.8853857517242432,"z":7.058014869689941},"rotation":{"x":0.23164509236812592,"y":0.7037269473075867,"z":-0.2639498710632324,"w":0.6176078915596008},"size":8.508951187133789,"orthographic":false}