{"cameraMode":{"drawMode":0,"name":"Shaded","section":"Shading Mode"},"sceneLighting":false,"audioPlay":false,"sceneViewState":{"showFog":false,"showMaterialUpdate":false,"showSkybox":false,"showFlares":false,"showImageEffects":false,"showParticleSystems":false},"in2DMode":false,"pivot":{"x":-15.405067443847657,"y":1.8635848760604859,"z":-64.25899505615235},"rotation":{"x":-0.2367405891418457,"y":0.007592260371893644,"z":-0.0018444276647642255,"w":-0.9715415239334106},"size":28.243993759155275,"orthographic":false}