{"cameraMode":{"drawMode":0,"name":"Shaded","section":"Shading Mode"},"sceneLighting":true,"audioPlay":false,"sceneViewState":{"showFog":false,"showMaterialUpdate":false,"showSkybox":false,"showFlares":false,"showImageEffects":false,"showParticleSystems":false},"in2DMode":false,"pivot":{"x":1.2497090101242066,"y":-1.2556777000427247,"z":-112.97926330566406},"rotation":{"x":-0.024631205946207048,"y":-0.9572932720184326,"z":0.07772762328386307,"w":-0.28079354763031008},"size":29.132238388061525,"orthographic":false}