{"cameraMode":{"drawMode":0,"name":"Shaded","section":"Shading Mode"},"sceneLighting":false,"audioPlay":false,"sceneViewState":{"showFog":false,"showMaterialUpdate":false,"showSkybox":false,"showFlares":false,"showImageEffects":false,"showParticleSystems":false},"in2DMode":false,"pivot":{"x":-2.80452036857605,"y":-0.6529135704040527,"z":-12.447346687316895},"rotation":{"x":0.19729085266590119,"y":-0.6904209852218628,"z":0.20477601885795594,"w":0.6651781797409058},"size":16.127365112304689,"orthographic":false}