{"cameraMode":{"drawMode":0,"name":"Shaded","section":"Shading Mode"},"sceneLighting":false,"audioPlay":false,"sceneViewState":{"showFog":false,"showMaterialUpdate":false,"showSkybox":false,"showFlares":false,"showImageEffects":false,"showParticleSystems":false},"in2DMode":false,"pivot":{"x":-1.9144597053527833,"y":0.6734417080879211,"z":-4.699865818023682},"rotation":{"x":0.21898649632930757,"y":-0.6523163914680481,"z":0.20524300634860993,"w":0.695991039276123},"size":16.808513641357423,"orthographic":false}