{"cameraMode":{"drawMode":0,"name":"Shaded","section":"Shading Mode"},"sceneLighting":true,"audioPlay":false,"sceneViewState":{"showFog":false,"showMaterialUpdate":false,"showSkybox":false,"showFlares":false,"showImageEffects":false,"showParticleSystems":false},"in2DMode":false,"pivot":{"x":-0.005000114440917969,"y":1.0141000747680665,"z":12.429149627685547},"rotation":{"x":-0.30118757486343386,"y":-0.5826008319854736,"z":0.2458522766828537,"w":-0.7137359380722046},"size":6.98944091796875,"orthographic":false}