{"cameraMode":{"drawMode":0,"name":"Shaded","section":"Shading Mode"},"sceneLighting":false,"audioPlay":false,"sceneViewState":{"showFog":false,"showMaterialUpdate":false,"showSkybox":false,"showFlares":false,"showImageEffects":false,"showParticleSystems":false},"in2DMode":false,"pivot":{"x":12.254130363464356,"y":-5.733240604400635,"z":-42.408958435058597},"rotation":{"x":-0.10097908228635788,"y":-0.0359477736055851,"z":0.0008993361843749881,"w":-0.995152473449707},"size":30.971973419189454,"orthographic":false}