{"cameraMode":{"drawMode":0,"name":"Shaded","section":"Shading Mode"},"sceneLighting":false,"audioPlay":false,"sceneViewState":{"showFog":false,"showMaterialUpdate":false,"showSkybox":false,"showFlares":false,"showImageEffects":false,"showParticleSystems":false},"in2DMode":false,"pivot":{"x":5.774397373199463,"y":-2.279654026031494,"z":1.2498751878738404},"rotation":{"x":-0.14188840985298158,"y":-0.7254059910774231,"z":0.15715007483959199,"w":-0.6549487113952637},"size":12.361076354980469,"orthographic":false}