{"cameraMode":{"drawMode":0,"name":"Shaded","section":"Shading Mode"},"sceneLighting":false,"audioPlay":false,"sceneViewState":{"showFog":false,"showMaterialUpdate":false,"showSkybox":false,"showFlares":false,"showImageEffects":false,"showParticleSystems":false},"in2DMode":false,"pivot":{"x":-0.00700002908706665,"y":-0.010999999940395356,"z":7.210000038146973},"rotation":{"x":-0.12408392131328583,"y":0.8146530985832214,"z":-0.18931430578231812,"w":-0.5339509844779968},"size":12.135174751281739,"orthographic":false}