{"cameraMode":{"drawMode":0,"name":"Shaded","section":"Shading Mode"},"sceneLighting":false,"audioPlay":false,"sceneViewState":{"showFog":false,"showMaterialUpdate":false,"showSkybox":false,"showFlares":false,"showImageEffects":false,"showParticleSystems":false},"in2DMode":false,"pivot":{"x":12.086195945739746,"y":-2.0149848461151125,"z":-24.07277488708496},"rotation":{"x":0.045351266860961917,"y":-0.03823297843337059,"z":0.005656090099364519,"w":0.9986885786056519},"size":29.087724685668947,"orthographic":false}