{"cameraMode":{"drawMode":0,"name":"Shaded","section":"Shading Mode"},"sceneLighting":false,"audioPlay":false,"sceneViewState":{"showFog":false,"showMaterialUpdate":false,"showSkybox":false,"showFlares":false,"showImageEffects":false,"showParticleSystems":false},"in2DMode":false,"pivot":{"x":-16.736114501953126,"y":2.6053967475891115,"z":-38.99095153808594},"rotation":{"x":0.03247883543372154,"y":-0.0057628522627055649,"z":-0.0031268515158444645,"w":-1.0003597736358643},"size":30.21965789794922,"orthographic":false}