{"cameraMode":{"drawMode":0,"name":"Shaded","section":"Shading Mode"},"sceneLighting":false,"audioPlay":false,"sceneViewState":{"showFog":false,"showMaterialUpdate":false,"showSkybox":false,"showFlares":false,"showImageEffects":false,"showParticleSystems":false},"in2DMode":false,"pivot":{"x":6.041525363922119,"y":-6.496107578277588,"z":-48.261009216308597},"rotation":{"x":-0.19727733731269837,"y":-0.2220243215560913,"z":0.04267174005508423,"w":-0.9548708200454712},"size":24.51312255859375,"orthographic":false}