{"cameraMode":{"drawMode":0,"name":"Shaded","section":"Shading Mode"},"sceneLighting":false,"audioPlay":false,"sceneViewState":{"showFog":false,"showMaterialUpdate":false,"showSkybox":false,"showFlares":false,"showImageEffects":false,"showParticleSystems":false},"in2DMode":false,"pivot":{"x":-17.804000854492189,"y":0.7320250272750855,"z":-48.983497619628909},"rotation":{"x":0.3640718162059784,"y":0.030626466497778894,"z":-0.01026594452559948,"w":0.9315296411514282},"size":4.761728763580322,"orthographic":false}