{"cameraMode":{"drawMode":0,"name":"Shaded","section":"Shading Mode"},"sceneLighting":false,"audioPlay":false,"sceneViewState":{"showFog":true,"showMaterialUpdate":false,"showSkybox":true,"showFlares":true,"showImageEffects":true,"showParticleSystems":true},"in2DMode":false,"pivot":{"x":-56.573612213134769,"y":-865.361572265625,"z":-1779.18212890625},"rotation":{"x":0.0038214034866541626,"y":-0.9745869636535645,"z":0.2233768254518509,"w":0.01667357236146927},"size":2428.150146484375,"orthographic":false}